Title,Keyword,Search Intent,Suggested Internal Links,Call To Action
Why Is My Computer Running Slow in Satellite Beach?,computer running slow satellite beach,Informational,/computer-repair-satellite-beach-fl/; /contact,Call to schedule computer cleanup
Signs Your Computer Has a Virus in Melbourne FL,virus symptoms melbourne fl,Informational,/virus-removal-melbourne-fl/; /contact,Request virus removal
Why Your WiFi Keeps Disconnecting in Melbourne,WiFi disconnecting Melbourne FL,Informational,/wifi-troubleshooting-melbourne-fl/; /contact,Book WiFi troubleshooting
Windows 11 Upgrade Checklist for Home Users,windows 11 upgrade help,Informational,/windows-11-upgrade-help/; /contact,Get upgrade help
How to Set Up a Wireless Printer at Home,printer setup help,Informational,/services; /contact,Request printer setup
Laptop Overheating: What It Means,laptop overheating repair,Informational,/laptop-repair-melbourne-fl/; /contact,Ask about laptop repair
Best Way to Back Up Photos and Documents,data backup help,Informational,/services; /contact,Get backup assistance
Computer Maintenance Tips for Florida Home Users,computer maintenance tips,Informational,/computer-repair-satellite-beach-fl/; /services,Schedule a tune-up
When Remote Computer Support Is the Best Option,remote computer support florida,Commercial Informational,/remote-computer-support-florida/; /contact,Request remote support
5 Common Small Business IT Problems in Melbourne,small business IT support Melbourne FL,Commercial Informational,/business-it-support-melbourne-fl/; /contact,Request business IT help
What to Do If Your Laptop Will Not Turn On,laptop won't turn on repair,Informational,/laptop-repair-melbourne-fl/; /contact,Bring in your laptop
How to Tell If a Hard Drive Is Failing,data recovery melbourne fl,Informational,/data-recovery-melbourne-fl/; /contact,Call for data recovery help
Why Printers Go Offline So Often,printer offline fix,Informational,/services; /contact,Get printer help
Is It Better to Repair or Replace a Slow PC?,repair or replace computer,Informational,/computer-repair-melbourne-fl/; /refurbished-computers-brevard-county/,Ask about repair or replacement
How to Improve Weak WiFi in a Concrete Block Home,weak wifi signal fix,Informational,/wifi-troubleshooting-melbourne-fl/; /contact,Schedule network help
What to Expect From Local Computer Repair,computer repair near me,Commercial Informational,/computer-repair-satellite-beach-fl/; /contact,Request local service
Refurbished Computer Buying Guide for Brevard County,refurbished computers brevard county,Commercial,/refurbished-computers-brevard-county/; /contact,Ask about current inventory
How to Prepare for a Windows 11 Upgrade,windows 11 upgrade checklist,Informational,/windows-11-upgrade-help/; /contact,Get upgrade advice
Scam Popups vs Real Virus Warnings,virus warning popup,Informational,/virus-removal-melbourne-fl/; /contact,Request malware cleanup
Small Office Printer Setup Checklist,printer setup small office,Informational,/business-it-support-melbourne-fl/; /contact,Book office setup help
How to Move to a New Computer Without Losing Files,new computer setup help,Informational,/services; /refurbished-computers-brevard-county/,Request setup help
Top Reasons Email Stops Working on a Computer,email setup help,Informational,/services; /contact,Get email support
What Causes Blue Screen Errors on Windows PCs,blue screen computer repair,Informational,/computer-repair-palm-bay-fl/; /contact,Request diagnosis
Why a Laptop Battery Stops Holding Charge,laptop battery issue,Informational,/laptop-repair-melbourne-fl/; /contact,Ask about laptop service
How to Secure a Home WiFi Network,wifi security setup,Informational,/wifi-troubleshooting-melbourne-fl/; /contact,Book secure WiFi setup
How Seniors Can Stay Safe From Computer Scams,senior computer help,Informational,/services; /contact,Request patient local support
What Business Owners Should Back Up Every Week,business backup plan,Informational,/business-it-support-melbourne-fl/; /contact,Request business IT support
How to Fix a Computer That Keeps Freezing,computer keeps freezing,Informational,/computer-repair-satellite-beach-fl/; /contact,Book local repair
How to Know If a Charging Port Is Damaged,laptop charging port repair,Informational,/laptop-repair-melbourne-fl/; /contact,Schedule laptop diagnosis
Best Uses for Remote Tech Support,remote tech support benefits,Informational,/remote-computer-support-florida/; /contact,Request remote help
Computer Repair for Remote Workers in Brevard County,computer support remote workers,Commercial Informational,/computer-repair-melbourne-fl/; /remote-computer-support-florida/,Book support
What Causes Internet Drops on One Device Only,wifi troubleshooting one device,Informational,/wifi-troubleshooting-melbourne-fl/; /contact,Schedule troubleshooting
How to Clean Up Startup Programs on Windows,slow startup computer fix,Informational,/computer-repair-satellite-beach-fl/; /contact,Get a tune-up
How to Spot Fake Tech Support Calls,tech support scam signs,Informational,/virus-removal-melbourne-fl/; /contact,Get cleanup help
When a Refurbished Laptop Makes Sense,refurbished laptop guide,Commercial Informational,/refurbished-computers-brevard-county/; /contact,Ask about available systems
Why Your Printer Connects But Will Not Print,printer not printing fix,Informational,/services; /contact,Request printer repair
Business WiFi Problems That Hurt Productivity,business wifi support,Commercial Informational,/business-it-support-melbourne-fl/; /wifi-troubleshooting-melbourne-fl/,Book business network help
How to Prepare for Onsite Computer Repair,onsite computer repair,Informational,/computer-repair-satellite-beach-fl/; /contact,Request onsite help
How to Protect Files Before a Computer Repair,data backup before repair,Informational,/data-recovery-melbourne-fl/; /contact,Call before repair
What to Do After Malware Removal,after virus cleanup,Informational,/virus-removal-melbourne-fl/; /computer-repair-melbourne-fl/,Schedule follow-up service
Best Questions to Ask Before Buying a Refurbished PC,buy refurbished pc,Commercial Informational,/refurbished-computers-brevard-county/; /contact,Ask about inventory
Why a Computer Runs Fine Then Suddenly Slows Down,computer suddenly slow,Informational,/computer-repair-satellite-beach-fl/; /contact,Book diagnosis
How to Fix Outlook Setup Problems,outlook setup help,Informational,/services; /contact,Request email support
When to Upgrade to Windows 11 for Business,windows 11 business upgrade,Commercial Informational,/windows-11-upgrade-help/; /business-it-support-melbourne-fl/,Request business upgrade planning
How to Stop Repeated WiFi Dropouts on Video Calls,wifi keeps disconnecting video calls,Informational,/wifi-troubleshooting-melbourne-fl/; /contact,Book WiFi service
Why Local Computer Repair Still Matters,local computer repair benefits,Commercial Informational,/computer-repair-satellite-beach-fl/; /computer-repair-melbourne-fl/,Request local help
How to Recover From an Accidental File Delete,file recovery help,Informational,/data-recovery-melbourne-fl/; /contact,Call for recovery support
How to Set Up a Replacement Computer Correctly,replacement computer setup,Informational,/refurbished-computers-brevard-county/; /services,Request setup help
What a Small Business Needs in Basic IT Support,basic IT support for small business,Commercial Informational,/business-it-support-melbourne-fl/; /contact,Request IT support
How to Fix a Wireless Printer That Keeps Dropping Off the Network,wireless printer keeps disconnecting,Informational,/services; /wifi-troubleshooting-melbourne-fl/,Book printer and WiFi support
How Often Should You Do Computer Maintenance?,how often computer maintenance,Informational,/computer-repair-satellite-beach-fl/; /contact,Schedule maintenance
