Source Page,Destination Page,Anchor Text,Reason
Homepage,/computer-repair-satellite-beach-fl/,computer repair in Satellite Beach FL,Primary money page from homepage hero/services
Homepage,/computer-repair-melbourne-fl/,computer repair in Melbourne FL,Capture secondary service-city demand
Homepage,/virus-removal-melbourne-fl/,virus removal in Melbourne FL,Support malware intent
Homepage,/wifi-troubleshooting-melbourne-fl/,WiFi troubleshooting in Melbourne FL,Route network-intent visitors
Homepage,/refurbished-computers-brevard-county/,refurbished computers in Brevard County,Support inventory-related demand
Services,/computer-repair-satellite-beach-fl/,computer repair,Map broad service hub to exact-match page
Services,/laptop-repair-melbourne-fl/,laptop repair in Melbourne FL,Strengthen laptop-intent page
Services,/business-it-support-melbourne-fl/,business IT support in Melbourne FL,Push commercial support leads deeper
Services,/windows-11-upgrade-help/,Windows 11 upgrade help,Route upgrade intent
Service Areas,/location/satellite-beach-fl/,Satellite Beach computer repair,Support local relevance and crawl depth
Service Areas,/location/melbourne-fl/,Melbourne computer repair,Support major target city
Service Areas,/location/palm-bay-fl/,Palm Bay computer repair,Support mainland demand
About,/computer-repair-satellite-beach-fl/,local computer repair in Satellite Beach,Pass trust/brand authority to money page
About,/business-it-support-melbourne-fl/,small business IT support in Melbourne FL,Connect trust page to B2B target
Contact,/services,computer repair services,Support user path if form visitors need service detail
Contact,/service-areas,service areas,Help users confirm location fit before lead submission
Blog Archive,/computer-repair-satellite-beach-fl/,computer repair in Satellite Beach FL,Convert informational users
Blog Archive,/remote-computer-support-florida/,remote computer support in Florida,Support remote intent
Blog: computer repair guide,/computer-repair-satellite-beach-fl/,computer repair in Satellite Beach FL,Move informational local intent to money page
Blog: computer repair guide,/computer-repair-melbourne-fl/,computer repair in Melbourne FL,Support nearby city variant
Blog: virus removal,/virus-removal-melbourne-fl/,virus removal in Melbourne FL,Move topic authority to service page
Blog: wifi setup,/wifi-troubleshooting-melbourne-fl/,WiFi troubleshooting in Melbourne FL,Convert network topic readers
Blog: printer help,/services,printer setup and repair support,Route problem-intent traffic to service hub
Blog: small business IT,/business-it-support-melbourne-fl/,business IT support in Melbourne FL,Support commercial lead generation
Blog: slow computer,/computer-repair-palm-bay-fl/,computer repair in Palm Bay FL,Capture mainland variant
Blog: laptop not charging,/laptop-repair-melbourne-fl/,laptop repair in Melbourne FL,Support laptop transactional query
Blog: refurbished setup,/refurbished-computers-brevard-county/,refurbished computers in Brevard County,Support inventory page
Remote Support Page,/contact,request remote computer support,Drive leads from service detail to form
Every Service Page,/contact,request service,Primary conversion CTA
Every Location Page,/contact,request local service,Primary local conversion CTA
