URL,Primary Keyword,Secondary Keywords,Search Intent,Target City,Recommended H1,Priority
/,Computer Repair & IT Support Satellite Beach FL,"Computer Repair Melbourne FL; Laptop Repair; Virus Removal; Remote Computer Support; WiFi Troubleshooting; Business IT Support",Commercial + Local,Satellite Beach,"Computer Repair & IT Support in Satellite Beach FL",High
/services,Beachside Computer Repair Services,"Laptop Repair; Virus Removal; Printer Setup; WiFi Setup; Refurbished Computers",Commercial,Satellite Beach,"Computer Repair Services for Satellite Beach and Brevard County",High
/service-areas,Computer Repair Brevard County,"Computer Repair Near Me; Beachside Computer Repair; Computer Repair Satellite Beach",Local Navigational,Brevard County,"Computer Repair Service Areas Across Brevard County",High
/contact,Computer Repair Contact Satellite Beach FL,"Request Computer Service; Same Day Computer Repair; Local IT Support",Transactional,Satellite Beach,"Request Computer Repair or IT Support",Medium
/blog,Beachside Computer Repair Blog,"Computer Help Tips; Virus Removal Tips; WiFi Help; Printer Help",Informational,Brevard County,"Computer Repair Tips for Brevard County",Medium
/computer-repair-melbourne-fl/,Computer Repair Melbourne FL,"PC Repair Melbourne FL; Desktop Repair Melbourne; Computer Repair Near Me Melbourne",Transactional,Melbourne,"Computer Repair in Melbourne FL",High
/computer-repair-satellite-beach-fl/,Computer Repair Satellite Beach FL,"Computer Repair Near Me Satellite Beach; PC Repair Satellite Beach; Local Computer Repair",Transactional,Satellite Beach,"Computer Repair in Satellite Beach FL",High
/computer-repair-palm-bay-fl/,Computer Repair Palm Bay FL,"PC Repair Palm Bay FL; Desktop Repair Palm Bay; Local Computer Repair Palm Bay",Transactional,Palm Bay,"Computer Repair in Palm Bay FL",High
/laptop-repair-melbourne-fl/,Laptop Repair Melbourne FL,"Laptop Screen Repair Melbourne; Laptop Not Charging Repair Melbourne; Laptop Help Near Me",Transactional,Melbourne,"Laptop Repair in Melbourne FL",High
/virus-removal-melbourne-fl/,Virus Removal Melbourne FL,"Malware Removal Melbourne FL; Spyware Cleanup Melbourne; Computer Virus Removal Near Me",Transactional,Melbourne,"Virus Removal in Melbourne FL",High
/business-it-support-melbourne-fl/,Business IT Support Melbourne FL,"Small Business IT Support Melbourne; Managed IT Support Melbourne; Office Computer Support",Transactional,Melbourne,"Business IT Support in Melbourne FL",High
/wifi-troubleshooting-melbourne-fl/,WiFi Troubleshooting Melbourne FL,"WiFi Repair Melbourne FL; Router Setup Melbourne; Internet Help Near Me",Transactional,Melbourne,"WiFi Troubleshooting in Melbourne FL",High
/remote-computer-support-florida/,Remote Computer Support Florida,"Remote Tech Support Florida; Online Computer Help Florida; Remote PC Repair",Transactional,Florida,"Remote Computer Support Across Florida",High
/windows-11-upgrade-help/,Windows 11 Upgrade Help,"Windows 11 Install Help; Windows 11 Setup Support; PC Upgrade Help",Informational + Transactional,Brevard County,"Windows 11 Upgrade Help for Home and Business Users",Medium
/refurbished-computers-brevard-county/,Refurbished Computers Brevard County,"Refurbished Laptops Brevard County; Refurbished Desktops Brevard County; Used Computers Near Me",Transactional,Brevard County,"Refurbished Computers for Sale in Brevard County",High
/data-recovery-melbourne-fl/,Data Recovery Melbourne FL,"Hard Drive Recovery Melbourne; File Recovery Melbourne FL; Data Backup Help",Transactional,Melbourne,"Data Recovery in Melbourne FL",High
/blog/computer-repair-indian-harbour-beach-guide,Computer Repair Indian Harbour Beach,"Onsite Computer Repair Beachside; Local Computer Repair Near Me",Informational,Indian Harbour Beach,"Computer Repair in Indian Harbour Beach: Local Service Guide",Medium
/blog/virus-removal-satellite-beach-steps,Virus Removal Satellite Beach,"Malware Removal Beachside; Virus Cleanup Near Me",Informational,Satellite Beach,"Virus Removal in Satellite Beach: What to Do First",Medium
/blog/wifi-setup-indian-harbour-beach-homes,WiFi Setup Indian Harbour Beach,"Home Network Setup Beachside; Improve WiFi Signal",Informational,Indian Harbour Beach,"WiFi Setup in Indian Harbour Beach Homes",Medium
Needs Ahrefs/SEMrush Verification,All search volume assumptions are directional only until validated in Ahrefs or SEMrush,,,,,
